Compound Name,Number of H-bond donors,Number of H-bond acceptors,Molecular Weight,LogP,Meets
,2,4,249.295,1.4646,TRUE
,18,14,1312.481,-3.9048,FALSE
,2,2,111.148,-0.0891,TRUE
,2,3,212.249,0.7949,TRUE
,0,4,372.505,4.2667,TRUE
,0,4,414.586,5.2929,FALSE
,3,0,60.08,-2.9811,TRUE
,0,2,172.183,2.0119,TRUE
,1,5,180.167,-1.0397,TRUE
,1,1,396.659,7.641,FALSE
,1,2,270.372,3.8174,TRUE
,2,2,268.356,4.8286,TRUE
,2,5,250.283,0.8596,TRUE
,0,3,247.338,2.2131,TRUE
,1,3,290.383,2.033,TRUE
,0,4,299.37,1.9333,TRUE
,2,2,272.388,3.6092,TRUE
,2,2,296.41,3.6126,TRUE
,1,3,356.506,5.3503,FALSE
,1,3,396.571,6.1305,FALSE
_c001,1,3,314.425,3.8289,TRUE
,1,1,149.237,1.837,TRUE
,2,6,336.299,2.9014,TRUE
,1,1,286.459,5.5103,FALSE
,2,7,609.743,6.701,FALSE
_c001,2,4,276.317,1.3875,TRUE
,2,4,214.246,0.0936,TRUE
_c001,2,5,255.324,1.5261,TRUE
,2,5,198.138,0.19,TRUE
,0,2,255.361,3.3542,TRUE
,3,6,495.542,3.0711,TRUE
,0,3,143.142,0.3736,TRUE
,4,11,439.388,-2.7142,FALSE
,0,3,255.365,2.6498,TRUE
,1,3,290.383,2.033,TRUE
,3,6,583.689,2.0811,FALSE
,3,3,124.23,0.2069,TRUE
,1,3,319.88,4.8106,TRUE
,1,2,218.256,1.4735,TRUE
,3,3,339.439,1.9247,TRUE
,4,6,404.491,1.7016,TRUE
,4,6,176.124,-1.4074,TRUE
,2,4,243.308,-0.5379,TRUE
,1,6,521.437,4.8692,FALSE
_c001,1,2,122.127,0.1805,TRUE
,3,4,169.18,0.08022,TRUE
_c001,2,5,265.362,0.60774,TRUE
,1,2,430.717,8.84026,FALSE
,2,2,266.34,4.6046,TRUE
,0,2,309.453,4.292,TRUE
,2,2,170.237,1.38499,TRUE
,1,4,343.471,3.4853,TRUE
,2,2,406.907,6.609,FALSE
,3,3,124.23,0.2069,TRUE
,2,5,264.31,1.16802,TRUE
,2,5,278.337,1.47644,TRUE
,4,4,211.261,1.1292,TRUE
,4,4,211.261,1.1292,TRUE
,1,2,160.22,1.2308,TRUE
,0,3,270.376,2.9233,TRUE
,2,4,355.869,5.1792,FALSE
,0,2,199.298,0.6956,TRUE
,1,2,234.343,2.58374,TRUE
,4,4,183.207,0.3506,TRUE
,2,5,267.31,1.67444,TRUE
,1,6,309.347,1.61544,TRUE
,2,3,172.209,-0.0838,TRUE
,1,2,161.225,0.1764,TRUE
,0,6,194.194,-1.0293,TRUE
_c001,3,6,581.673,1.9908,FALSE
,0,6,652.832,7.4516,FALSE
,0,1,156.056,1.3958,TRUE
,2,4,211.261,1.0844,TRUE
,1,2,301.474,4.3305,TRUE
,0,3,157.169,0.7637,TRUE
,2,4,152.129,-0.6621,TRUE
,0,2,274.795,3.8186,TRUE
_c001,2,4,229.235,2.1936,TRUE
,0,2,274.795,3.8186,TRUE
,0,1,203.285,2.92402,TRUE
,2,8,397.392,0.4655,TRUE
,1,6,402.487,2.5606,TRUE
,2,3,235.331,1.3404,TRUE
,0,4,179.151,-0.0246,TRUE
,1,5,315.369,1.0482,TRUE
,2,3,238.287,1.3511,TRUE
,0,3,309.494,4.4022,TRUE
,1,2,114.173,1.08269,TRUE
,1,4,324.424,3.1732,TRUE
,2,2,254.355,1.9273,TRUE
,2,2,254.355,1.9273,TRUE
,2,2,178.191,0.424,TRUE
,2,8,254.246,-2.2131,TRUE
,0,6,423.642,3.8484,TRUE
,0,4,296.552,3.6212,TRUE
,0,4,284.357,0.8608,TRUE
,0,3,284.428,4.2394,TRUE
,3,3,167.208,0.645,TRUE
,1,3,261.365,3.1542,TRUE
,0,4,285.391,2.6584,TRUE
,1,1,166.244,1.979,TRUE
,0,2,334.257,4.1167,TRUE
,3,12,452.431,-2.401,FALSE
,0,3,380.871,5.8678,FALSE
,5,11,471.43,-3.4005,FALSE
,0,0,278.419,4.3587,TRUE
,1,2,200.237,2.9712,TRUE
,3,5,362.466,1.7816,TRUE
,2,6,404.503,2.3524,TRUE
,2,6,446.584,3.5227,TRUE
,2,6,432.557,3.1326,TRUE
,1,1,163.264,2.2271,TRUE
,2,4,160.18,0.9154,TRUE
,1,4,299.37,1.5011,TRUE
,0,2,308.381,3.7878,TRUE
,1,3,198.222,0.501,TRUE
,2,3,137.142,-0.3149,TRUE
,0,4,290.404,0.2654,TRUE
,1,3,261.365,3.1542,TRUE
,2,6,270.339,1.22952,TRUE
,2,4,248.717,2.5238,TRUE
,1,4,236.315,1.7674,TRUE
,0,2,303.833,4.1949,TRUE
,4,4,183.207,0.4784,TRUE
,1,6,238.159,0.0735,TRUE
,0,2,303.833,4.1949,TRUE
,1,2,257.377,3.0804,TRUE
,0,3,368.497,4.7308,TRUE
,2,2,252.273,1.7696,TRUE
,0,3,290.794,3.4026,TRUE
,0,2,222.243,2.8494,TRUE
,1,4,318.393,1.0627,TRUE
_c001,0,2,189.214,1.1589,TRUE
,1,5,294.395,2.5562,TRUE
,0,3,290.794,3.4026,TRUE
,2,6,222.251,-0.8561,TRUE
,1,2,287.447,3.9404,TRUE
,0,4,216.192,2.5478,TRUE
,2,3,152.182,1.01549,TRUE
,0,3,312.482,5.0196,FALSE
,1,10,608.688,4.1711,FALSE
,0,3,318.873,4.8944,TRUE
,1,2,288.431,3.8792,TRUE
,0,3,344.495,4.8401,TRUE
,4,3,281.339,-2.4418,TRUE
,2,2,218.256,0.5379,TRUE
,1,4,308.333,3.6096,TRUE
,0,2,314.469,4.7235,TRUE
,0,5,179.159,-1.4106,TRUE
,9,19,943.09,0.0423,FALSE
,1,1,318.525,4.7211,TRUE
,6,14,780.949,2.2181,FALSE
,2,2,111.148,-0.0891,TRUE
,0,0,240.435,2.6375,TRUE
,0,6,246.306,-0.281,TRUE
_c001,2,3,224.26,0.961,TRUE
,1,4,270.76,2.4208,TRUE
,4,14,806.987,3.8181,FALSE
,1,1,318.525,4.7211,TRUE
,3,3,167.208,0.7728,TRUE
,1,2,217.268,1.771,TRUE
,2,4,335.879,3.783,TRUE
_c001,1,2,183.251,1.1278,TRUE
,2,4,218.253,0.9834,TRUE
,1,2,167.208,1.4178,TRUE
,2,5,358.434,1.7658,TRUE
,2,4,335.879,3.783,TRUE
,1,2,287.447,3.9404,TRUE
,0,2,181.215,0.5715,TRUE
,0,3,289.419,3.9242,TRUE
,3,5,360.45,1.5576,TRUE
_c001,2,6,402.487,2.1284,TRUE
,5,9,376.369,-1.72356,TRUE
,1,1,144.601,1.5132,TRUE
,2,6,422.493,2.4445,TRUE
_c001,2,4,197.234,0.6959,TRUE
,2,2,151.209,1.2819,TRUE
,0,2,450.707,9.1576,FALSE
,2,2,537.576,4.6392,FALSE
,1,3,233.311,2.0853,TRUE
,1,1,167.296,2.4206,TRUE
,0,4,428.613,5.9696,FALSE
,0,3,284.428,4.241,TRUE
,1,3,352.454,2.7045,TRUE
,2,5,649.968,2.618,FALSE
,1,4,374.912,3.0559,TRUE
,0,2,203.241,1.333,TRUE
,1,2,283.415,3.6366,TRUE
,1,2,177.247,1.736,TRUE
,1,4,352.478,3.4082,TRUE
,2,7,475.626,2.6743,TRUE
,0,4,373.953,4.5802,TRUE
,0,2,269.388,3.66262,TRUE
,0,2,203.241,1.333,TRUE
,2,3,336.447,3.3322,TRUE
,0,2,269.388,3.66262,TRUE
,0,2,390.958,5.55562,FALSE
,0,3,184.147,2.914,TRUE
,0,3,303.209,2.0432,TRUE
,2,3,270.354,1.78302,TRUE
,1,3,340.443,2.7045,TRUE
,1,10,634.726,4.5707,FALSE
,0,2,390.958,5.55562,FALSE
,1,1,353.53,4.1115,TRUE
,1,5,403.979,3.9427,TRUE
,1,9,578.662,4.1625,FALSE
,0,2,319.246,3.9277,TRUE
,1,2,204.229,1.2994,TRUE
,1,2,298.426,3.4925,TRUE
,0,3,340.463,4.0633,TRUE
,0,3,252.269,2.858,TRUE
,0,2,433.039,6.5447,FALSE
,1,2,310.437,3.9156,TRUE
,1,2,298.426,3.6366,TRUE
,0,3,339.479,4.2755,TRUE
,2,5,241.243,0.5302,TRUE
,1,5,258.324,1.3424,TRUE
,0,3,122.103,-0.5549,TRUE
,0,2,278.399,3.91752,TRUE
,0,3,352.425,5.2598,FALSE
,2,5,295.729,0.1299,TRUE
,3,5,374.477,1.8036,TRUE
,2,8,473.542,0.8846,TRUE
,4,6,394.439,0.6205,TRUE
,2,6,434.504,2.4188,TRUE
,2,8,478.513,1.7621,TRUE
,1,12,603.75,2.8346,FALSE
,1,3,280.323,4.0405,TRUE
_c001,0,2,271.404,3.3834,TRUE
,0,3,273.741,1.6155,TRUE
,0,6,225.16,0.9739,TRUE
,1,2,169.567,1.7745,TRUE
,0,3,298.455,4.487,TRUE
,0,0,197.381,2.5085,TRUE
,2,4,305.164,0.2882,TRUE
,0,3,273.741,1.6155,TRUE
,0,4,407.505,4.9456,TRUE
,0,3,404.491,3.7955,TRUE
,1,3,262.309,1.3066,TRUE
,1,5,344.455,2.7317,TRUE
,1,1,149.237,1.9664,TRUE
,2,3,276.745,1.7379,TRUE
,3,5,392.467,1.8957,TRUE
,2,8,470.43,0.7487,TRUE
,2,6,434.504,2.4665,TRUE
,0,2,205.301,2.5996,TRUE
_c001,2,3,242.344,1.3499,TRUE
_c001,0,1,189.224,0.1577,TRUE
,2,2,151.209,1.0672,TRUE
,2,5,301.342,0.7452,TRUE
,1,6,236.278,-1.4238,TRUE
,2,4,376.468,2.9233,TRUE
,1,5,437.531,4.3081,TRUE
,2,4,260.334,2.0227,TRUE
,2,4,260.334,2.0227,TRUE
,3,5,297.745,-0.3513,TRUE
,0,4,370.587,5.8856,FALSE
,0,2,280.415,3.875,TRUE
,0,3,296.439,4.241,TRUE
,0,4,386.532,4.6552,TRUE
,0,4,556.792,6.7622,FALSE
,1,2,274.404,3.4891,TRUE
,2,2,136.198,0.6924,TRUE
,0,2,281.399,3.8868,TRUE
,3,5,331.297,0.0141,TRUE
,0,3,296.439,4.241,TRUE
,2,4,231.255,1.41762,TRUE
,0,4,256.328,2.6069,TRUE
,0,2,382.531,5.30824,FALSE
,1,2,311.469,3.9624,TRUE
,0,8,235.128,-0.89881,TRUE
,1,6,191.139,-1.2782,TRUE
,1,3,284.359,2.2062,TRUE
,1,2,246.354,2.72624,TRUE
,1,2,289.806,3.5276,TRUE
,2,6,431.948,2.4335,TRUE
,1,2,261.089,1.884,TRUE
_c001,0,5,416.583,4.8523,TRUE
,3,5,421.422,1.6254,TRUE
,2,2,130.078,-0.7977,TRUE
,0,2,191.274,2.0782,TRUE
,1,3,299.761,1.8492,TRUE
,3,5,380.662,0.821,TRUE
,3,4,338.772,0.9242,TRUE
_c001,12,15,1007.207,-3.6086,FALSE
,2,5,775.864,3.2226,FALSE
,4,4,239.315,1.9078,TRUE
_c001,1,1,133.194,1.5012,TRUE
,1,2,141.17,0.4492,TRUE
,0,4,340.492,4.8321,TRUE
,1,6,399.443,2.8716,TRUE
,2,2,165.236,1.3279,TRUE
,1,4,289.375,1.9309,TRUE
,0,1,239.362,3.7496,TRUE
,3,4,167.197,0.59769,TRUE
,1,4,289.375,1.9309,TRUE
,0,4,452.598,5.48328,FALSE
,2,2,194.274,3.2206,TRUE
_c001,0,2,315.869,5.188,FALSE
,2,5,360.244,0.5983,TRUE
,1,3,324.38,3.4934,TRUE
,1,5,171.156,0.09202,TRUE
,0,1,287.406,4.6979,TRUE
,3,5,392.467,1.8957,TRUE
,2,6,434.504,2.4665,TRUE
,2,6,476.585,3.6368,TRUE
,3,12,810.989,3.9909,FALSE
_c001,0,3,228.247,3.46446,TRUE
,0,1,277.411,4.1686,TRUE
,2,5,253.283,1.36602,TRUE
,0,5,399.629,5.0388,FALSE
_c001,2,6,452.494,2.3668,TRUE
_c001,2,6,436.52,2.4987,TRUE
,1,3,318.437,2.4563,TRUE
,4,12,504.636,-0.0176,FALSE
,2,6,439.89,1.655,TRUE
,2,3,252.101,0.3472,TRUE
,0,3,226.279,2.6371,TRUE
,1,2,166.249,1.2782,TRUE
,0,1,164.966,2.0293,TRUE
,3,5,389.886,1.2295,TRUE
,3,7,253.269,0.8334,TRUE
,1,3,221.256,1.79064,TRUE
,0,2,284.746,3.1538,TRUE
,3,4,289.744,0.8788,TRUE
,2,5,213.244,2.6614,TRUE
,2,4,324.402,2.2098,TRUE
,3,5,210.209,-0.8924,TRUE
,3,5,239.271,0.9208,TRUE
_c001,0,3,267.413,3.3712,TRUE
,0,1,159.232,1.7516,TRUE
,2,4,162.19,-1.8292,TRUE
,1,2,266.388,3.5328,TRUE
,1,3,306.446,3.5431,TRUE
,3,6,354.1,-1.2181,TRUE
,1,1,288.475,5.0903,FALSE
_c001,3,12,824.972,3.5175,FALSE
,1,2,137.162,0.3192,TRUE
,0,5,231.231,0.08832,TRUE
_c001,1,10,616.833,4.4836,FALSE
,1,1,263.384,3.8264,TRUE
,1,4,304.197,0.5903,TRUE
,1,1,183.682,2.6198,TRUE
,2,2,220.316,2.32162,TRUE
,0,3,378.516,3.1733,TRUE
,1,3,240.282,2.41054,TRUE
,1,3,130.167,-0.7446,TRUE
,2,4,311.407,1.77392,TRUE
,2,3,286.718,2.4479,TRUE
,1,3,375.871,4.4256,TRUE
_c001,2,6,280.309,0.8682,TRUE
,1,1,263.384,4.3019,TRUE
,1,1,151.253,1.9139,TRUE
,0,4,384.516,4.4259,TRUE
,1,2,309.453,4.1886,TRUE
,1,4,379.435,3.6784,TRUE
,0,2,336.479,4.1367,TRUE
,0,5,356.785,2.59262,TRUE
,2,3,136.114,-0.4022,TRUE
_c001,2,4,197.234,0.6959,TRUE
,1,3,201.254,2.6864,TRUE
,0,3,242.702,3.0605,TRUE
,0,3,300.398,3.5899,TRUE
_c001,0,2,405.969,6.5626,FALSE
,1,2,285.431,3.8826,TRUE
,0,2,146.21,0.2557,TRUE
,0,2,356.058,1.2272,TRUE
,6,9,560.693,0.9221,FALSE
,2,6,329.741,0.556,TRUE
,3,2,76.055,-0.9561,TRUE
,4,4,204.314,-0.2926,TRUE
,1,8,277.269,1.1458,TRUE
_c001,2,6,494.575,3.4407,TRUE
,2,2,151.165,1.3506,TRUE
,2,3,259.349,2.5775,TRUE
,0,5,443.638,3.4707,TRUE
,1,1,236.274,3.3872,TRUE
,1,3,344.495,3.9403,TRUE
,2,5,327.38,1.3014,TRUE
,1,2,312.453,3.8826,TRUE
,0,3,387.886,4.0049,TRUE
,3,5,389.886,1.2295,TRUE
,1,2,364.529,5.2284,FALSE
,0,5,391.467,4.41112,TRUE
,3,3,221.304,1.0488,TRUE
,0,2,294.442,4.121,TRUE
,4,8,243.219,-2.563,TRUE
,0,2,279.383,3.9624,TRUE
,1,2,237.73,2.8978,TRUE
,0,6,404.507,2.423,TRUE
,1,3,176.175,0.5992,TRUE
,0,0,320.046,5.929,FALSE
,1,7,494.531,2.9376,TRUE
,3,5,196.182,-1.2825,TRUE
,0,2,299.434,4.2679,TRUE
,3,6,246.194,-1.6836,TRUE
,0,1,361.393,4.4215,TRUE
,1,2,221.344,3.0835,TRUE
,1,2,147.198,-0.2121,TRUE
,0,4,384.516,4.5753,TRUE
,1,11,466.354,-0.5549,FALSE
,1,3,230.676,1.8726,TRUE
,2,3,129.094,-0.5088,TRUE
,2,6,416.514,2.3267,TRUE
,0,4,572.875,6.1105,FALSE
_c001,7,10,766.898,0.1855,FALSE
,0,1,184.491,2.3528,TRUE
,1,3,276.38,1.96282,TRUE
,1,3,284.746,2.6092,TRUE
,2,7,290.323,1.2576,TRUE
,2,4,365.842,2.71412,TRUE
,0,2,312.453,4.4995,TRUE
,3,3,153.181,0.599,TRUE
,2,1,230.098,2.1737,TRUE
,0,2,324.811,3.934,TRUE
,1,3,214.052,1.157,TRUE
,0,4,208.261,1.1618,TRUE
,3,5,353.479,1.7082,TRUE
,1,8,383.408,1.7846,TRUE
,1,6,314.257,1.7405,TRUE
,1,3,339.483,3.3619,TRUE
,0,3,416.135,6.4548,FALSE
,0,2,205.277,1.7385,TRUE
,1,3,461.556,5.857,FALSE
,2,4,295.298,2.9722,TRUE
,0,4,327.815,3.7714,TRUE
,1,4,357.494,3.3429,TRUE
,1,6,388.464,2.5828,TRUE
,1,4,315.716,3.0377,TRUE
,2,3,224.26,0.961,TRUE
,2,4,516.857,9.9083,FALSE
,1,1,277.411,4.2114,TRUE
,4,6,225.224,-1.3878,TRUE
,1,5,454.966,3.8893,TRUE
,1,3,337.463,4.221,TRUE
,0,3,241.266,2.3323,TRUE
,2,6,294.336,0.6462,TRUE
,1,7,521.05,4.0868,FALSE
,0,1,184.491,2.3528,TRUE
,2,5,182.187,-1.6657,TRUE
,1,4,357.494,3.3429,TRUE
,0,3,229.255,1.7018,TRUE
,1,3,233.699,2.2509,TRUE
,1,2,214.051,3.2472,TRUE
,0,3,241.266,2.3323,TRUE
,0,2,344.845,5.3767,FALSE
,0,1,184.491,2.3528,TRUE
,0,4,256.281,0.85692,TRUE
_c001,8,11,342.297,-5.3956,FALSE
,1,3,477.048,5.088,FALSE
,0,2,352.743,4.0863,TRUE
,0,4,423.536,3.67008,TRUE
,3,6,445.545,2.07812,TRUE
,14,16,1084.253,-5.4045,FALSE
,2,3,321.163,3.1013,TRUE
,2,5,351.463,1.9164,TRUE
_c001,4,4,301.386,2.9568,TRUE
,0,1,275.395,4.5538,TRUE
,1,7,201.995,-3.5202,TRUE
,1,3,212.656,0.5223,TRUE
,2,4,299.802,2.0024,TRUE
,2,4,376.468,2.7808,TRUE
,2,3,327.468,3.3656,TRUE
,2,4,267.369,1.6132,TRUE
,2,4,194.21,-0.598,TRUE
,1,5,303.358,0.9181,TRUE
,0,4,343.217,4.23352,TRUE
_c001,0,3,355.41,3.0308,TRUE
,3,4,252.347,0.5974,TRUE
_c001,3,6,654.606,3.1928,FALSE
,2,4,267.369,1.6132,TRUE
,4,5,309.406,0.6348,TRUE
,0,2,371.524,5.9961,FALSE
,3,5,279.34,1.8118,TRUE
_c001,3,5,367.506,2.0983,TRUE
,1,3,295.145,3.40892,TRUE
,2,8,316.427,0.5025,TRUE
,1,4,313.788,3.4292,TRUE
,3,5,357.45,1.7073,TRUE
_c001,3,3,416.646,5.7047,FALSE
,2,3,213.281,0.3356,TRUE
,4,5,309.406,0.6348,TRUE
,0,7,261.213,-0.4914,TRUE
,3,5,279.34,1.8118,TRUE
,0,2,143.206,0.9527,TRUE
,2,3,213.281,0.3356,TRUE
,1,7,502.579,3.5238,FALSE
,2,6,331.353,1.7376,TRUE
,2,6,434.504,2.2747,TRUE
,3,6,209.253,0.17237,TRUE
,1,3,300.745,2.4722,TRUE
,2,4,265.353,1.9891,TRUE
,5,5,230.639,-2.902,TRUE
,2,3,232.283,1.3532,TRUE
,0,6,371.872,2.3617,TRUE
,2,6,363.415,1.7018,TRUE
,0,4,244.294,2.6691,TRUE
,2,6,351.443,2.8424,TRUE
,3,4,266.341,0.4521,TRUE
,2,2,192.262,1.58914,TRUE
,0,4,308.772,3.58012,TRUE
,3,3,248.326,1.9056,TRUE
,3,6,296.201,-0.8039,TRUE
,1,4,216.282,-0.7068,TRUE
,0,6,454.611,5.09308,FALSE
,2,5,467.65,4.4138,TRUE
,0,3,249.33,2.23854,TRUE
,1,3,249.192,1.7009,TRUE
,2,3,260.381,2.85074,TRUE
,1,7,346.339,2.1756,TRUE
,2,5,353.479,2.1404,TRUE
,0,6,454.611,5.09308,FALSE
,2,4,391.572,3.1432,TRUE
,2,4,365.842,2.0834,TRUE
,0,9,227.085,-1.0201,TRUE
,0,7,531.44,4.2058,FALSE
,2,4,365.842,2.0834,TRUE
,1,2,272.711,2.8279,TRUE
,1,3,276.214,3.2081,TRUE
,4,4,287.359,2.352,TRUE
,2,7,310.335,0.8768,TRUE
,3,1,232.094,-0.0093,TRUE
,0,6,414.527,3.3685,TRUE
,1,2,239.746,3.2993,TRUE
,3,7,225.208,-1.3318,TRUE
,0,4,387.719,5.8629,FALSE
,0,7,278.312,0.193,TRUE
,1,2,239.746,3.2993,TRUE
,0,3,325.774,4.32422,TRUE
,0,2,299.434,4.2679,TRUE
,1,2,312.453,3.8826,TRUE
,2,4,327.123,3.8595,TRUE
,1,3,372.549,6.264,FALSE
,0,4,387.719,5.8629,FALSE
,4,4,328.412,2.1354,TRUE
,0,2,312.413,2.5349,TRUE
,2,7,314.411,1.459,TRUE
,0,2,386.801,5.0262,FALSE
,0,2,312.413,2.5349,TRUE
,2,4,329.44,3.46688,TRUE
_c001,1,2,246.354,1.7714,TRUE
,0,6,385.512,2.0882,TRUE
,0,3,397.758,6.518,FALSE
,1,3,265.36,2.6949,TRUE
,1,2,210.28,2.384,TRUE
,1,3,207.273,2.44172,TRUE
,2,2,75.067,-0.4883,TRUE
,0,3,381.69,5.8014,FALSE
,0,3,253.277,1.771,TRUE
,0,2,243.257,2.3461,TRUE
,3,13,588.562,1.3386,FALSE
,0,5,557.84,5.9659,FALSE
,2,4,414.346,3.4407,TRUE
,0,4,292.314,2.6911,TRUE
,4,8,244.207,-3.0115,TRUE
,1,8,418.446,2.9708,TRUE
,1,2,179.263,2.02944,TRUE
,3,5,336.432,2.3655,TRUE
,1,3,286.351,2.0483,TRUE
,2,5,341.407,1.5254,TRUE
,1,2,309.331,4.435,TRUE
,1,3,161.201,-1.8065,TRUE
,0,4,645.319,6.9362,FALSE
,1,6,375.445,0.2699,TRUE
,0,3,366.549,4.8302,TRUE
_c001,16,13,1210.429,-3.0481,FALSE
,2,1,246.097,1.3359,TRUE
,1,4,285.343,1.6303,TRUE
,1,8,387.44,1.0568,TRUE
,0,4,294.745,3.2717,TRUE
,2,2,245.366,3.1136,TRUE
,1,3,332.464,2.8541,TRUE
,2,4,341.451,3.2414,TRUE
,0,2,160.237,0.6442,TRUE
,4,4,146.238,-1.917,TRUE
,1,3,295.145,3.0294,TRUE
,2,5,382.541,3.9536,TRUE
,3,4,292.379,1.6991,TRUE
,2,4,291.391,2.3334,TRUE
,2,5,382.541,3.9536,TRUE
,2,4,307.434,2.3934,TRUE
_c001,1,3,156.205,-0.4986,TRUE
,8,10,444.488,-0.1392,FALSE
,0,4,360.837,4.68,TRUE
,1,5,466.977,4.1031,TRUE
,0,1,187.286,2.1826,TRUE
,0,8,416.526,1.3839,TRUE
,0,1,287.406,4.985,TRUE
_c001,1,3,325.537,5.5258,FALSE
,0,3,354.49,5.64556,FALSE
,1,6,318.328,-0.0664,TRUE
,1,2,314.498,4.2711,TRUE
,2,5,295.379,1.5299,TRUE
,0,4,259.306,1.8325,TRUE
,2,3,245.33,2.35478,TRUE
_c001,2,5,367.506,2.5305,TRUE
,1,8,371.393,2.5822,TRUE
,2,3,245.33,2.35478,TRUE
,4,6,337.456,-0.768,TRUE
,4,6,178.14,-3.0132,TRUE
,1,8,479.533,3.6778,TRUE
,1,4,473.407,7.4898,FALSE
,2,8,331.467,1.3225,TRUE
,1,6,330.339,0.2486,TRUE
,2,4,427.368,3.4115,TRUE
,1,8,371.393,2.5822,TRUE
,2,7,403.479,-1.4342,TRUE
,1,8,488.577,3.6993,TRUE
,2,3,378.316,4.4479,TRUE
,0,8,532.472,4.4627,FALSE
,0,2,228.291,3.37,TRUE
,2,4,391.572,3.1432,TRUE
,0,4,254.265,0.9563,TRUE
,1,7,319.316,-0.6714,TRUE
,1,1,178.275,3.639,TRUE
,1,5,404.547,4.1955,TRUE
,0,4,254.265,0.9563,TRUE
,1,1,179.307,2.55,TRUE
,1,4,369.505,4.7145,TRUE
,2,6,267.245,-0.19628,TRUE
,0,3,382.891,4.8878,TRUE
,0,8,369.329,-0.1927,TRUE
,4,8,255.234,-1.9709,TRUE
,2,2,308.425,3.2166,TRUE
,2,8,300.226,-1.6612,TRUE
,0,7,360.365,0.2093,TRUE
,1,6,427.526,4.1066,TRUE
,1,4,326.831,2.0299,TRUE
,1,2,261.089,1.884,TRUE
,2,3,142.201,-0.196,TRUE
,1,5,418.574,4.5856,TRUE
,3,4,245.113,1.9467,TRUE
,2,7,408.882,2.2663,TRUE
,1,8,414.41,2.4092,TRUE
,1,5,345.424,2.89974,TRUE
,3,5,254.286,-0.1879,TRUE
_c001,0,3,325.428,3.83236,TRUE
,0,4,429.134,6.1178,FALSE
,1,5,384.259,3.9643,TRUE
,0,5,387.887,1.8135,TRUE
,1,1,306.236,5.1796,FALSE
,0,5,325.46,2.28752,TRUE
,1,6,423.489,1.2384,TRUE
,2,4,148.207,-1.228,TRUE
,3,4,272.37,1.0895,TRUE
,3,4,272.37,1.0895,TRUE
,1,6,437.516,1.2324,TRUE
,3,7,423.526,1.1057,TRUE
,1,6,415.51,1.0485,TRUE
,0,2,314.86,4.5284,TRUE
,2,5,309.406,2.27486,TRUE
,0,3,307.397,3.24884,TRUE
,0,7,562.664,4.7866,FALSE
,0,6,210.285,0.0696,TRUE
,4,9,267.245,-1.98,TRUE
,4,4,302.37,3.5664,TRUE
,0,16,1035.238,7.7098,FALSE
,1,7,306.276,0.7358,TRUE
,1,6,500.579,4.43,FALSE
_c001,1,5,484.967,4.0511,TRUE
,0,2,263.793,3.9598,TRUE
,2,5,325.449,2.3659,TRUE
,2,6,180.206,-2.917,TRUE
,0,4,293.37,3.12852,TRUE
,1,6,350.345,0.4612,TRUE
,1,4,329.371,3.3265,TRUE
,0,2,240.35,3.1652,TRUE
,0,3,204.298,2.1461,TRUE
,3,12,363.198,-2.9879,FALSE
,1,1,206.329,4.106,TRUE
,0,12,705.647,5.5773,FALSE
,0,4,381.907,4.2975,TRUE
,0,2,240.35,3.1652,TRUE
,0,5,122.98,-2.7566,TRUE
,1,2,198.269,2.6958,TRUE
,1,1,310.481,4.8697,TRUE
,0,5,303.293,1.7737,TRUE
,0,12,705.647,5.5773,FALSE
,0,14,1029.278,9.029,FALSE
,0,4,381.907,4.2975,TRUE
,0,1,168.036,2.0835,TRUE
,3,14,656.662,2.7529,FALSE
,4,8,268.273,-0.989,TRUE
,2,6,430.541,2.7168,TRUE
,1,3,277.408,3.0356,TRUE
,1,3,277.408,3.0356,TRUE
,0,7,470.017,3.5519,TRUE
,2,6,236.231,-0.2105,TRUE
,3,9,557.509,-0.4308,FALSE
,1,4,317.223,2.4484,TRUE
,2,2,372.553,3.8145,TRUE
_c001,1,6,367.466,0.6059,TRUE
,2,4,238.243,0.9608,TRUE
,0,1,291.438,4.8773,TRUE
,2,6,211.221,-0.5046,TRUE
,2,6,465.953,3.3581,TRUE
,2,6,268.273,-2.7083,TRUE
,0,4,419.52,3.55938,TRUE
,2,6,212.211,-1.5133,TRUE
,1,11,610.671,6.3191,FALSE
,3,8,285.691,-0.2974,TRUE
_c001,1,2,289.545,5.1447,FALSE
,2,6,430.541,2.7168,TRUE
,1,3,170.232,0.0356,TRUE
,1,4,312.417,2.3184,TRUE
,1,8,465.617,1.0561,TRUE
,2,5,256.096,2.0098,TRUE
,1,4,318.339,3.2015,TRUE
,1,2,500.432,8.6443,FALSE
,1,3,366.844,5.3485,FALSE
,2,5,410.465,3.2934,TRUE
,4,14,853.918,3.7357,FALSE
,0,6,410.493,3.59042,TRUE
,1,3,263.381,2.6346,TRUE
,3,5,406.482,3.738,TRUE
,1,8,497.568,1.2496,TRUE
,1,3,256.092,1.9263,TRUE
,0,3,411.521,5.3467,FALSE
,0,3,265.36,2.4789,TRUE
_c001,1,7,388.42,3.2018,TRUE
,4,1,130.175,-2.85383,TRUE
,1,9,321.337,0.541,TRUE
,2,6,422.92,4.2668,TRUE
,2,11,778.947,4.7536,FALSE
,2,6,253.718,1.7158,TRUE
,1,4,369.368,3.51522,TRUE
,2,6,324.449,0.612,TRUE
,2,5,224.216,-0.70908,TRUE
,0,3,265.36,2.4789,TRUE
,5,5,317.385,2.4493,TRUE
,0,4,186.207,-0.7831,TRUE
,2,5,351.463,2.0738,TRUE
,5,14,807.89,3.2596,FALSE
,1,6,360.262,0.2848,TRUE
,2,3,236.296,2.7322,TRUE
,2,3,236.296,2.7322,TRUE
,1,3,370.533,4.4965,TRUE
,0,1,200.053,2.4232,TRUE
,14,19,645.608,-8.5645,FALSE
,3,9,324.341,-0.7976,TRUE
,2,5,292.14,1.7634,TRUE
,3,5,490.626,3.074,TRUE
,2,5,430.379,2.87958,TRUE
,1,8,339.366,-0.3954,TRUE
,3,7,263.2,-1.2886,TRUE
,1,6,297.29,1.4103,TRUE
,0,1,317.476,5.7693,FALSE
,1,6,429.537,1.4386,TRUE
,2,5,500.659,4.1758,FALSE
,0,5,293.374,2.92876,TRUE
,2,7,575.687,5.69592,FALSE
,0,12,929.161,8.0655,FALSE
_c001,2,8,245.064,-3.8012,TRUE
,2,7,229.261,-0.5941,TRUE
,1,9,586.689,4.0911,FALSE
,0,2,117.148,-1.5575,TRUE
,2,6,408.52,2.3409,TRUE
,1,7,466.958,3.9165,TRUE
,1,5,312.442,1.74642,TRUE
Molecule-1,0,6,315.374,2.3885,TRUE
_c001,3,5,432.601,4.1864,TRUE
,1,4,234.202,2.7771,TRUE
,0,4,351.471,4.4315,TRUE
,0,1,279.855,4.738,TRUE
,2,5,500.659,4.1758,FALSE
,4,7,253.262,-1.3073,TRUE
,0,6,376.453,2.0003,TRUE
,0,1,279.855,4.738,TRUE
,0,7,360.365,0.2093,TRUE
,1,4,266.304,2.65122,TRUE
,2,9,277.173,-2.9258,TRUE
,0,5,374.551,3.71014,TRUE
,1,2,260.381,2.8457,TRUE
,4,9,720.962,5.9052,FALSE
_c001,2,4,451.615,3.1939,TRUE
,1,6,434.52,2.827,TRUE
,2,4,265.338,3.2433,TRUE
,2,8,421.453,1.8468,TRUE
,2,7,391.398,0.7469,TRUE
,5,6,207.226,-3.2621,TRUE
,1,3,429.604,5.4065,FALSE
,0,4,336.411,2.2548,TRUE
,0,4,379.5,4.3611,TRUE
,1,6,358.393,0.94552,TRUE
,1,1,82.106,0.71812,TRUE
,2,5,273.244,2.54542,TRUE
_c001,3,6,557.642,4.9789,FALSE
,1,2,273.357,2.01,TRUE
,9,12,830.971,-3.3891,FALSE
,2,6,441.549,4.37426,TRUE
,1,4,240.31,2.8227,TRUE
,0,5,285.31,2.65916,TRUE
,2,6,458.55,3.546,TRUE
,1,5,451.587,3.8852,TRUE
,0,2,296.41,4.0295,TRUE
,1,5,428.54,4.7774,TRUE
,2,3,335.473,2.0688,TRUE
,1,5,495.745,6.8819,FALSE
,2,3,287.363,1.9229,TRUE
,1,2,325.496,5.34142,FALSE
,1,4,258.233,0.0878,TRUE
,1,4,212.23,0.6163,TRUE
,2,6,305.29,1.78138,TRUE
,2,6,473.594,6.0752,FALSE
,2,7,383.517,0.0869,TRUE
,3,3,416.646,5.5606,FALSE
,0,3,250.342,2.7597,TRUE
,1,5,412.946,3.809,TRUE
,1,5,585.189,7.6133,FALSE
,4,5,344.411,2.2233,TRUE
,4,7,507.637,-0.6318,FALSE
,1,8,279.081,-2.9024,TRUE
,4,4,239.315,1.306,TRUE
,0,6,513.621,5.92972,FALSE
,0,5,305.341,2.64078,TRUE
,1,6,369.469,3.4647,TRUE
,1,4,291.391,2.1801,TRUE
,4,7,507.637,-0.6318,FALSE
,0,2,299.434,4.2679,TRUE
,5,13,723.65,2.4622,FALSE
,3,8,359.354,0.7602,TRUE
,1,3,270.21,3.25412,TRUE
,2,6,439.598,1.6158,TRUE
_c001,1,1,384.648,7.619,FALSE
,1,5,356.447,3.1596,TRUE
,2,6,441.575,1.9829,TRUE
,1,9,388.379,-0.3687,TRUE
,2,7,351.409,2.10752,TRUE
,1,1,326.609,7.8006,FALSE
,1,4,130.123,-1.9557,TRUE
,1,2,315.678,4.0731,TRUE
,1,5,359.451,2.98942,TRUE
,1,6,383.376,2.8843,TRUE
,0,3,199.319,1.5602,TRUE
,1,2,288.435,3.89654,TRUE
,1,4,381.379,3.51392,TRUE
,3,7,505.637,2.4028,FALSE
,1,2,252.273,2.6422,TRUE
,1,3,382.529,3.821,TRUE
,5,12,1202.635,3.269,FALSE
,6,15,877.045,5.64822,FALSE
,1,7,194.154,-2.0781,TRUE
,1,2,170.212,-0.1273,TRUE
,6,8,331.305,-5.1202,FALSE
,1,1,200.285,3.17834,TRUE
,0,4,314.362,2.5577,TRUE
,0,2,347.478,4.76902,TRUE
,2,4,198.218,0.4272,TRUE
,0,3,309.434,4.0144,TRUE
,1,5,356.447,3.1596,TRUE
,3,1,253.737,1.7897,TRUE
,1,6,228.215,0.18302,TRUE
,3,13,914.187,6.1806,FALSE
_c001,1,7,400.43,1.0358,TRUE
,0,3,366.501,4.3059,TRUE
,1,3,294.358,2.40832,TRUE
_c001,2,2,110.112,1.0978,TRUE
,2,5,775.864,3.2226,FALSE
,2,8,389.456,1.3507,TRUE
,1,5,337.351,1.1236,TRUE
,4,10,354.367,-1.4367,TRUE
_c001,1,14,812.018,4.9292,FALSE
_c001,4,10,478.525,1.9971,TRUE
,1,9,388.379,-0.3687,TRUE
,1,2,310.828,4.0189,TRUE
,1,2,324.464,4.0487,TRUE
,17,15,1432.072,-2.3258,FALSE
,4,3,301.394,2.81457,TRUE
,1,3,316.421,1.9262,TRUE
,4,5,628.814,4.32814,FALSE
,0,5,329.23,2.7346,TRUE
,3,6,500.554,4.4274,FALSE
,2,3,267.328,2.8499,TRUE
_c001,1,6,349.316,2.1769,TRUE
,2,5,389.512,2.2485,TRUE
,4,4,415.574,3.1469,TRUE
,2,4,198.218,0.4272,TRUE
_c001,2,11,558.595,4.17002,FALSE
,2,8,389.456,1.3507,TRUE
,2,10,551.625,4.2039,FALSE
_c001,2,11,810.466,5.7194,FALSE
,4,10,354.367,-1.4367,TRUE
,2,2,528.537,6.5761,FALSE
,13,16,1416.089,1.168,FALSE
,3,9,473.507,-1.7287,TRUE
,1,4,314.366,2.96442,TRUE
,2,3,606.782,8.6826,FALSE
,17,41,1506.257,-16.4195,FALSE
,4,5,219.281,-1.4543,TRUE
,1,7,374.392,0.6457,TRUE
,5,13,785.891,6.15784,FALSE
,2,8,480.538,1.067,TRUE
,1,4,389.411,2.2113,TRUE
,0,2,296.414,2.6565,TRUE
,1,7,446.91,4.2756,TRUE
,1,8,488.614,2.07042,TRUE
_c001,1,2,255.361,3.72462,TRUE
,1,3,297.423,4.6309,TRUE
,2,3,181.213,-0.5996,TRUE
,1,4,448.394,4.8593,TRUE
_c001,0,6,414.498,3.1245,TRUE
,2,3,409.432,4.8883,TRUE
,1,3,158.221,-0.2526,TRUE
,1,13,501.477,2.7025,FALSE
,1,8,315.199,-2.028,TRUE
,0,7,388.815,1.568,TRUE
,1,1,179.307,2.6941,TRUE
,2,6,427.545,2.30804,TRUE
,1,7,374.392,0.6457,TRUE
,1,7,307.287,2.2289,TRUE
,2,7,247.251,-0.455,TRUE
_c001,16,23,1270.291,-3.902,FALSE
,2,6,427.545,2.30804,TRUE
_c001,2,10,583.6,1.2558,FALSE
,2,5,534.432,4.9521,FALSE
_c001,0,5,361.397,4.1124,TRUE
,1,3,249.317,2.4668,TRUE
,18,28,1616.661,-10.9606,FALSE
_c001,1,3,392.519,3.7697,TRUE
,4,6,384.245,0.3606,TRUE
,0,6,247.276,0.53442,TRUE
,14,17,1140.254,-0.9271,FALSE
,1,7,540.697,4.7039,FALSE
,1,4,333.161,1.5547,TRUE
_c001,3,8,303.681,-0.3494,TRUE
,1,1,357.419,6.142,FALSE
,2,3,498.586,6.50732,FALSE
,1,3,89.07,-1.8829,TRUE
,3,5,405.441,2.3636,TRUE
,1,7,393.443,3.4051,TRUE
,2,5,423.533,1.7167,TRUE
_c001,2,4,359.486,2.2066,TRUE
,1,2,259.349,2.5676,TRUE
,3,8,228.208,-2.1388,TRUE
,2,4,248.307,1.6838,TRUE
,4,7,277.284,-0.8278,TRUE
,1,4,324.424,3.1732,TRUE
_c001,2,6,602.675,7.3255,FALSE
,7,11,585.658,0.5132,FALSE
,4,10,297.271,-1.9714,TRUE
,2,4,259.265,0.0298,TRUE
,2,7,372.36,0.7777,TRUE
,0,4,317.429,3.2381,TRUE
,1,5,389.459,2.9752,TRUE
,4,5,344.411,2.2233,TRUE
,1,3,211.268,1.8039,TRUE
,3,9,488.017,3.31354,TRUE
,3,3,264.325,2.4711,TRUE
,1,7,426.492,3.08132,TRUE
,1,12,700.791,4.5732,FALSE
,3,6,242.231,-1.51428,TRUE
,1,1,156.269,2.4395,TRUE
,1,7,376.39,-2.1829,TRUE
,1,6,517.776,5.2513,FALSE
,3,7,506.709,4.05052,FALSE
,4,16,1030.303,5.7224,FALSE
,4,8,419.505,-2.9378,TRUE
,1,5,513.677,5.95092,FALSE
,5,12,390.36,-2.4347,FALSE
,1,4,291.391,2.1801,TRUE
,1,4,350.436,3.2934,TRUE
,1,6,214.612,-0.0224,TRUE
,6,9,444.44,-0.3476,FALSE
,5,14,733.937,1.7856,FALSE
,4,15,790.001,2.7465,FALSE
,4,17,862.064,2.6798,FALSE
,1,7,469.326,1.86742,TRUE
,13,19,614.65,-8.8953,FALSE
,8,12,477.603,-3.3275,FALSE
,0,6,352.77,2.8103,TRUE
,1,6,388.469,0.0764,TRUE
,2,9,465.528,1.2958,TRUE
,2,6,348.404,-1.0166,TRUE
,3,5,323.132,0.909,TRUE
,2,6,561.547,6.9412,FALSE
,15,12,668.717,-8.02513,FALSE
,23,28,1625.91,-8.4505,FALSE
,1,6,413.475,1.6054,TRUE
,1,7,379.414,-0.3856,TRUE
,1,7,400.436,0.56062,TRUE
,1,5,333.389,-0.4739,TRUE
,1,6,349.388,-0.6376,TRUE
,5,8,265.222,-2.8909,TRUE
,4,7,424.991,0.3895,TRUE
,2,14,557.607,0.827,FALSE
,1,7,434.881,1.21402,TRUE
,6,9,444.44,-0.2144,FALSE
,2,3,226.276,1.185,TRUE
,2,8,404.424,-1.3466,TRUE
,11,18,925.099,-0.399,FALSE
,1,2,305.502,3.1984,TRUE
,6,9,464.858,0.2649,FALSE
,7,10,460.439,-1.2436,FALSE
,1,7,376.39,-2.1829,TRUE
,1,2,200.285,2.1082,TRUE
,11,18,923.083,-0.623,FALSE
,5,9,457.483,0.1866,TRUE
,5,8,406.545,-0.857,TRUE
,0,16,813.979,3.6209,FALSE
,5,11,612.632,3.62712,FALSE
,5,9,332.353,-2.9256,TRUE
,6,9,478.885,0.439,FALSE
,2,6,346.388,-0.8898,TRUE
rifampdb,6,15,822.953,4.33542,FALSE
,1,9,422.464,-0.8593,TRUE
,3,8,334.332,-1.6512,TRUE
,3,7,364.403,-1.311,TRUE
,1,13,453.511,-1.97078,FALSE
,6,12,543.525,0.0013,FALSE
,1,8,395.438,-0.7424,TRUE
,5,11,527.526,1.0289,FALSE
,4,9,267.245,-1.98,TRUE
,13,17,585.608,-8.4242,FALSE
,1,8,382.419,-2.1214,TRUE
,1,12,489.515,-1.3796,FALSE
,2,6,340.425,-1.055,TRUE
,6,14,664.725,-1.215,FALSE
,2,9,426.452,-1.2361,TRUE
,6,9,476.869,0.2155,FALSE
,2,9,465.528,1.2958,TRUE
,2,6,366.806,-0.7134,TRUE
,2,6,348.404,-0.9861,TRUE
_c001,8,12,475.587,-3.2007,FALSE
,2,8,516.556,-1.575,FALSE
,2,12,454.466,-1.9572,FALSE
,2,14,518.464,-3.7971,FALSE
,3,14,644.672,-2.4467,FALSE
,2,13,517.549,-3.3796,FALSE
,2,10,423.383,-1.8707,TRUE
,2,12,510.481,-0.1683,FALSE
,2,12,510.481,-0.1683,FALSE
,2,10,382.403,-1.8905,TRUE
,3,7,460.492,-1.2405,TRUE
,1,5,198.154,-2.4303,TRUE
,0,5,324.426,0.0715,TRUE
,2,15,510.563,-2.2045,FALSE
,5,8,265.222,-2.8909,TRUE
,2,12,545.579,-2.6339,FALSE
,3,13,541.569,-2.252,FALSE
,3,11,434.432,-2.5072,FALSE
,3,15,553.584,-2.946,FALSE
,2,7,356.444,-1.2368,TRUE
,2,6,298.344,-1.7204,TRUE
_c001,3,9,499.621,1.2578,TRUE
,2,14,524.634,-1.9879,FALSE
,18,26,1448.263,-1.2285,FALSE
,2,12,451.442,-3.2142,FALSE
,4,13,611.642,-1.42028,FALSE
,1,13,470.538,-2.06302,FALSE
,5,10,497.5,1.0203,TRUE
,4,14,747.964,2.4397,FALSE
,3,7,388.425,-0.628,TRUE
,2,5,348.766,-0.6239,TRUE
,5,14,748.996,1.9007,FALSE
,2,14,557.607,0.827,FALSE
_c001,5,16,835.086,2.2017,FALSE
,2,10,480.572,-1.2799,TRUE
,5,18,1255.438,0.72564,FALSE
,0,8,299.288,-2.8579,TRUE
,2,10,408.417,-2.7176,TRUE
_c001,5,14,847.019,4.61572,FALSE
,1,3,123.115,-0.4245,TRUE
,2,7,382.462,-1.6427,TRUE
_c001,3,12,804.031,4.639,FALSE
,0,4,136.043,-1.3551,TRUE
,1,8,433.501,2.52402,TRUE
,3,10,394.414,-1.5065,TRUE
omega_1,3,14,875.106,5.6014,FALSE
_c001,4,14,1022.239,2.3235,FALSE
,2,11,690.86,2.2693,FALSE
,6,12,543.525,0.0013,FALSE
,1,6,319.333,1.39852,TRUE
,4,9,244.207,-3.168,TRUE
,14,13,583.596,-11.3811,FALSE
,10,12,1141.47,1.2278,FALSE
,13,19,615.634,-8.8617,FALSE
_c001,2,3,102.093,-1.6249,TRUE
,6,9,442.424,-0.4379,FALSE
,10,20,1108.309,2.4351,FALSE
,0,4,293.407,2.9666,TRUE
,2,3,226.276,1.185,TRUE
,0,2,372.536,4.4596,TRUE
,5,13,764.95,3.2473,FALSE
,0,2,212.248,3.0436,TRUE
,1,2,200.285,2.1082,TRUE
,1,6,556.769,7.049,FALSE
,0,5,298.379,2.8408,TRUE
,1,3,319.88,4.8106,TRUE
,1,2,218.256,1.4735,TRUE
,0,2,309.453,4.292,TRUE
,0,3,270.376,2.9233,TRUE
,1,5,284.352,2.1867,TRUE
,1,2,161.225,0.1764,TRUE
,1,2,301.474,4.3305,TRUE
,0,3,157.169,0.7637,TRUE
,2,3,238.287,1.3511,TRUE
,2,8,254.246,-2.2131,TRUE
,0,3,284.428,4.2394,TRUE
,0,2,334.257,4.1167,TRUE
,1,2,287.447,3.9404,TRUE
,0,3,312.482,5.0196,FALSE
,1,4,308.333,3.6096,TRUE
,1,2,217.268,1.771,TRUE
,1,2,287.447,3.9404,TRUE
,1,1,144.601,1.5132,TRUE
,1,1,135.21,1.5763,TRUE
,1,1,167.296,2.4206,TRUE
,1,3,352.454,2.7045,TRUE
,1,4,374.912,3.0559,TRUE
,0,2,319.246,3.9277,TRUE
,1,2,204.229,1.2994,TRUE
,0,2,433.039,6.5447,FALSE
,2,5,241.243,0.5302,TRUE
,1,3,280.323,4.0405,TRUE
,0,3,298.455,4.487,TRUE
,1,2,528.951,9.1517,FALSE
,1,3,262.309,1.3066,TRUE
,1,5,344.455,2.7317,TRUE
,0,2,205.301,2.5996,TRUE
,0,4,370.587,5.8856,FALSE
,1,2,311.469,3.9624,TRUE
,1,3,284.359,2.2062,TRUE
,1,2,246.354,2.72624,TRUE
,1,2,289.806,3.5276,TRUE
,3,5,421.422,1.6254,TRUE
,3,5,380.662,0.821,TRUE
,3,4,338.772,0.9242,TRUE
,1,2,141.17,0.4492,TRUE
,0,4,340.492,4.8321,TRUE
,1,2,194.237,2.9702,TRUE
,2,5,360.244,0.5983,TRUE
,1,3,324.38,3.4934,TRUE
,2,6,439.89,1.655,TRUE
,1,3,221.256,1.79064,TRUE
,3,4,289.744,0.8788,TRUE
,2,2,220.316,2.32162,TRUE
,0,3,378.516,3.1733,TRUE
,2,3,286.718,2.4479,TRUE
,2,3,259.349,2.5775,TRUE
,0,2,294.442,4.121,TRUE
,1,2,237.73,2.8978,TRUE
,0,6,404.507,2.423,TRUE
,1,3,176.175,0.5992,TRUE
,0,0,320.046,5.929,FALSE
,1,2,288.435,3.89654,TRUE
,0,1,184.491,2.3528,TRUE
,1,3,276.38,1.96282,TRUE
,1,3,284.746,2.6092,TRUE
,2,4,365.842,2.71412,TRUE
,1,3,339.483,3.3619,TRUE
,0,3,416.135,6.4548,FALSE
,0,2,205.277,1.7385,TRUE
,1,2,528.951,9.1517,FALSE
,2,3,321.163,3.1013,TRUE
_c001,4,4,301.386,2.9568,TRUE
,1,3,212.656,0.5223,TRUE
,1,3,300.745,2.4722,TRUE
,2,4,265.353,1.9891,TRUE
,2,3,232.283,1.3532,TRUE
,2,6,351.443,2.8424,TRUE
,3,4,266.341,0.4521,TRUE
,2,2,192.262,1.58914,TRUE
,3,3,248.326,1.9056,TRUE
,1,2,272.711,2.8279,TRUE
,0,3,397.758,6.518,FALSE
,0,3,381.69,5.8014,FALSE
,0,3,253.277,1.771,TRUE
,0,2,243.257,2.3461,TRUE
,2,4,414.346,3.4407,TRUE
,1,8,418.446,2.9708,TRUE
,1,2,179.263,2.02944,TRUE
,3,5,336.432,2.3655,TRUE
,1,3,286.351,2.0483,TRUE
,1,2,309.331,4.435,TRUE
,0,3,366.549,4.8302,TRUE
,1,8,387.44,1.0568,TRUE
,1,3,332.464,2.8541,TRUE
,2,4,341.451,3.2414,TRUE
,0,2,160.237,0.6442,TRUE
,3,4,292.379,1.6991,TRUE
,2,4,307.434,2.3934,TRUE
,2,5,295.379,1.5299,TRUE
,0,4,259.306,1.8325,TRUE
,1,1,179.307,2.55,TRUE
_c001,3,14,958.24,6.1972,FALSE
,2,7,408.882,2.2663,TRUE
_c001,3,5,254.286,-0.1879,TRUE
,1,5,384.259,3.9643,TRUE
,0,5,387.887,1.8135,TRUE
,2,5,309.406,2.27486,TRUE
,2,5,325.449,2.3659,TRUE
,0,4,293.37,3.12852,TRUE
,1,6,350.345,0.4612,TRUE
,0,1,168.036,2.0835,TRUE
,1,2,500.432,8.6443,FALSE
,3,5,406.482,3.738,TRUE
,2,5,430.379,2.87958,TRUE
,0,4,379.5,4.3611,TRUE
,1,6,358.393,0.94552,TRUE
,1,4,258.233,0.0878,TRUE
,1,3,249.317,2.4668,TRUE
,1,3,89.07,-1.8829,TRUE
_c001,2,4,359.486,2.2066,TRUE
,2,4,259.265,0.0298,TRUE
,1,7,426.492,3.08132,TRUE
Molecule-1,0,3,340.443,3.9538,TRUE
,4,4,169.18,0.0899,TRUE
,2,4,281.359,2.84042,TRUE
,2,4,259.353,2.7827,TRUE
,2,4,259.353,2.7827,TRUE
,1,3,348.507,3.4841,TRUE
,1,3,348.507,3.4841,TRUE
,3,6,591.753,2.9107,FALSE
,0,2,307.437,4.4178,TRUE
,0,2,266.388,3.0234,TRUE
,1,4,301.386,1.7251,TRUE
,1,6,411.571,3.4919,TRUE
,2,2,198.314,0.5259,TRUE
,2,4,353.466,1.9351,TRUE
,1,6,425.598,3.882,TRUE
,4,4,211.261,1.1292,TRUE
,4,4,211.261,1.1292,TRUE
,2,3,186.236,-0.2073,TRUE
,0,4,386.586,4.9011,TRUE
,0,4,386.586,4.9011,TRUE
,1,4,313.72,1.248,TRUE
,4,4,225.288,1.5193,TRUE
,1,4,313.72,1.248,TRUE
,4,4,225.288,1.5193,TRUE
,0,2,290.41,3.7077,TRUE
,0,2,343.898,5.1044,FALSE
Molecule-1,2,1,177.251,0.9814,TRUE
,6,2,505.458,3.3366,FALSE
_c001,13,15,1069.238,-4.3417,FALSE
,15,21,1350.41,-7.1847,FALSE
,2,4,285.343,1.1981,TRUE
,0,2,162.236,1.8483,TRUE
,2,6,461.558,5.16334,FALSE
,2,6,461.558,5.16334,FALSE
,2,3,291.435,3.472,TRUE
,4,5,240.303,0.701,TRUE
,4,5,240.303,0.701,TRUE
,0,4,386.561,4.2148,TRUE
,0,3,411.785,6.637,FALSE
,0,3,411.785,6.637,FALSE
,4,2,342.443,-0.7565,TRUE
,1,3,211.224,1.617,TRUE
,0,6,602.905,3.6335,FALSE
_c001,13,14,1019.261,-0.8054,FALSE
,1,9,451.483,1.7178,TRUE
,1,9,451.483,1.7178,TRUE
,18,15,1270.441,-4.7157,FALSE
,17,14,1323.504,-3.2329,FALSE
,4,4,305.761,2.7344,TRUE
,4,4,305.761,2.7344,TRUE
,2,8,231.037,-4.1913,TRUE
,2,3,295.408,1.3212,TRUE
,6,16,586.502,-4.7422,FALSE
,1,5,529.786,4.4075,FALSE
,0,3,353.506,4.6546,TRUE
,2,2,77.152,-0.1251,TRUE
,2,4,384.586,4.164,TRUE
,2,4,384.586,4.164,TRUE
,0,2,405.969,6.215,FALSE
,1,2,274.408,3.50644,TRUE
,2,8,355.306,0.0409,TRUE
,1,4,324.38,2.519,TRUE
,5,7,670.855,3.0924,FALSE
,1,6,383.517,2.856,TRUE
,2,4,211.334,1.5822,TRUE
,4,7,613.803,2.8669,FALSE
,3,6,456.572,2.7171,TRUE
,0,5,302.422,2.2147,TRUE
,0,7,314.579,-0.4569,TRUE
,0,7,422.506,2.075,TRUE
,1,7,415.351,0.5598,TRUE
,4,6,567.796,4.74762,FALSE
,0,3,324.399,3.81298,TRUE
,0,3,324.399,3.81298,TRUE
,0,4,321.829,3.6739,TRUE
,1,4,269.352,1.9118,TRUE
,1,8,474.587,1.6109,TRUE
,3,7,286.339,1.0923,TRUE
,0,5,597.905,6.9122,FALSE
,1,3,335.473,2.1976,TRUE
,3,2,243.31,1.3435,TRUE
,1,6,357.435,2.4909,TRUE
,1,6,357.435,2.4909,TRUE
,2,5,312.41,1.2854,TRUE
,1,4,287.359,1.8503,TRUE
_c001,16,18,1093.331,-3.3119,FALSE
,2,7,493.615,4.59032,TRUE
,0,4,437.779,7.0161,FALSE
,0,4,437.779,7.0161,FALSE
,1,6,392.522,2.3457,TRUE
,1,4,145.158,-0.5326,TRUE
,4,8,425.401,-2.003,TRUE
,1,3,426.56,3.9575,TRUE
,0,3,362.473,3.8649,TRUE
,5,9,704.869,4.2116,FALSE
,1,4,264.369,2.617,TRUE
,1,1,171.243,1.8967,TRUE
,3,4,464.831,5.5497,FALSE
,3,3,398.482,3.33494,TRUE
,3,8,547.674,2.3753,FALSE
,3,3,263.385,1.1901,TRUE
,4,7,551.769,3.2935,FALSE
,1,5,407.318,2.0165,TRUE
,2,8,581.069,6.1391,FALSE
,2,7,529.526,6.35584,FALSE
,15,21,1420.704,-4.347,FALSE
,18,18,1155.455,-5.8315,FALSE
,20,31,1415.576,-7.70358,FALSE
,10,14,467.52,-6.2958,FALSE
,2,9,538.584,-1.5685,FALSE
,0,4,242.23,2.6154,TRUE
,2,16,573.616,-4.0669,FALSE
,11,15,484.503,-7.2914,FALSE
,2,2,151.209,1.2819,TRUE
,1,2,302.458,4.2693,TRUE
,2,2,174.199,2.55942,TRUE
,1,2,268.356,3.7375,TRUE
,4,4,205.254,-1.1356,TRUE
,4,12,454.332,-2.87056,FALSE
Molecule-1,0,2,524.874,11.5425,FALSE
,0,2,184.242,2.76044,TRUE
,2,6,486.649,4.3029,TRUE
,1,7,488.621,4.0935,TRUE
,2,4,180.183,-0.9881,TRUE
Molecule-1,1,5,294.395,2.5562,TRUE
,4,6,331.368,2.0807,TRUE
_c001,1,1,135.21,1.5763,TRUE
,0,1,365.522,3.6559,TRUE
,0,3,400.603,6.4005,FALSE
,0,3,412.614,6.4005,FALSE
Molecule-1,0,0,502.746,8.2396,FALSE
,2,6,458.595,3.5447,TRUE
,1,2,317.497,2.8465,TRUE
,1,2,317.497,2.8465,TRUE
,2,6,416.514,2.3744,TRUE
,1,7,532.649,4.4059,FALSE
Molecule-1,3,4,149.19,-1.7347,TRUE
Molecule-1,0,6,549.703,6.8294,FALSE
Molecule-1,0,6,591.784,7.9997,FALSE
,0,3,406.566,5.6728,FALSE
,0,3,428.657,7.1807,FALSE
,3,5,378.44,1.5056,TRUE
,2,6,496.575,3.7604,TRUE
,1,7,504.595,3.8175,FALSE
,2,6,434.504,2.3224,TRUE
,2,2,328.5,4.1181,TRUE
,0,3,339.479,4.2755,TRUE
,0,3,360.538,5.166,FALSE
Molecule-1,2,5,314.37,2.2553,TRUE
,0,2,309.478,5.015,FALSE
,0,2,309.478,5.015,FALSE
Molecule-1,1,5,410.583,4.9764,TRUE
,2,4,245.662,1.175,TRUE
,2,4,245.662,1.175,TRUE
,0,4,328.481,4.4956,TRUE
Molecule-1,1,5,447.934,4.3573,TRUE
Molecule-1,0,4,530.124,8.1172,FALSE
,2,5,372.461,2.0118,TRUE
_c001,0,4,302.133,2.271,TRUE
Molecule-1,0,4,140.19,-1.0198,TRUE
Molecule-1,1,3,178.167,-0.8337,TRUE
_c001,13,16,1056.239,-4.3291,FALSE
,0,4,227.367,0.2019,TRUE
,2,3,332.484,4.401,TRUE
,0,4,511.819,8.0495,FALSE
,3,7,362.387,-1.1842,TRUE
,0,5,232.237,-2.1297,TRUE
,15,15,685.7,-8.8828,FALSE
,4,6,331.368,2.0807,TRUE
Molecule-1,1,5,308.422,2.9463,TRUE
,2,4,232.28,1.2294,TRUE
,2,4,232.28,1.2294,TRUE
Molecule-1,3,5,494.013,3.6417,TRUE
,4,4,239.315,1.306,TRUE
Molecule-1,0,0,536.888,12.6058,FALSE
,4,5,362.39,-1.8081,TRUE
_c001,11,18,1141.274,-3.9988,FALSE
,1,7,494.531,2.9853,TRUE
,1,2,276.424,3.75244,TRUE
,1,2,276.424,3.75244,TRUE
,1,5,495.031,4.5951,TRUE
Molecule-1,0,0,243.168,3.0454,TRUE
,12,12,912.063,-5.4549,FALSE
,0,6,518.374,4.035,FALSE
,2,2,400.647,6.7339,FALSE
,6,16,608.608,-9.2156,FALSE
,1,2,314.469,5.7358,FALSE
Molecule-1,2,3,187.202,1.0191,TRUE
,1,7,521.05,3.9427,FALSE
,2,16,666.525,-0.1595,FALSE
,1,6,346.383,-1.5433,TRUE
,2,4,162.19,-1.8292,TRUE
,2,4,162.19,-1.8292,TRUE
,2,4,152.129,-0.6621,TRUE
Molecule-1,0,4,347.438,2.68062,TRUE
,16,15,1324.536,-2.6067,FALSE
,2,4,181.162,-1.5622,TRUE
,1,7,538.584,4.9268,FALSE
,0,8,734.053,10.6118,FALSE
,0,3,290.403,4.468,TRUE
,0,3,290.403,4.468,TRUE
Molecule-1,3,5,348.428,2.52992,TRUE
,3,5,218.229,-2.378,TRUE
Molecule-1,2,7,309.621,-2.41152,TRUE
,4,5,415.574,4.1074,TRUE
,4,5,415.574,4.1074,TRUE
,3,3,412.614,5.0906,FALSE
Molecule-1,3,8,369.425,2.74052,TRUE
,1,11,610.671,6.3191,FALSE
,2,4,339.435,2.5125,TRUE
,0,2,163.196,0.7592,TRUE
,2,2,412.658,6.6118,FALSE
,1,2,124.139,1.4008,TRUE
,0,3,472.754,9.05996,FALSE
_c001,2,5,284.381,2.16972,TRUE
,0,5,338.444,3.7177,TRUE
,16,16,1570.35,2.2727,FALSE
,2,3,327.468,4.1437,TRUE
,2,5,424.622,5.1223,FALSE
,2,14,620.735,2.29812,FALSE
Molecule-1,1,9,268.058,-3.6434,TRUE
,1,3,233.311,2.0853,TRUE
,1,15,519.448,3.0356,FALSE
,1,3,315.482,4.2657,TRUE
Molecule-1,2,3,254.289,1.5276,TRUE
,2,4,356.442,1.67,TRUE
,2,3,263.381,2.7326,TRUE
,2,3,263.381,2.7326,TRUE
,1,9,612.395,3.1023,FALSE
,1,3,152.149,1.1788,TRUE
,13,14,1096.347,0.8216,FALSE
,0,6,377.42,2.18094,TRUE
Molecule-1,3,9,444.423,0.91152,TRUE
_c001,1,7,456.322,4.2452,TRUE
,6,7,241.251,-1.7002,FALSE
Molecule-1,2,7,435.285,4.7174,TRUE
,1,7,508.558,3.5195,FALSE
Molecule-1,0,5,357.261,1.9299,TRUE
,11,24,1085.156,-0.24928,FALSE
,3,10,502.954,-0.7575,FALSE
,3,8,663.406,6.4217,FALSE
,1,7,493.561,1.1615,TRUE
,1,7,493.561,1.1615,TRUE
Molecule-1,6,8,502.796,0.4158,FALSE
Molecule-1,2,7,441.467,3.23014,TRUE
DEGARELIX_c001,17,18,1632.289,1.5147,FALSE
,1,4,411.586,5.3811,FALSE
Molecule-1,1,4,238.197,0.7035,TRUE
Molecule-1,0,5,286.264,2.115,TRUE
,2,3,250.298,0.4539,TRUE
,2,4,146.142,-1.4942,TRUE
,2,8,470.43,0.7487,TRUE
,1,1,108.14,1.1789,TRUE
,2,6,441.549,4.37426,TRUE
,0,6,404.507,2.423,TRUE
,3,5,389.886,1.2295,TRUE
,3,5,389.886,1.2295,TRUE
,3,5,389.886,1.2295,TRUE
,3,5,389.886,1.2295,TRUE
,3,5,389.886,1.2295,TRUE
,3,5,389.886,1.2295,TRUE
,4,4,239.315,1.9078,TRUE
,4,4,239.315,1.9078,TRUE
,1,3,233.311,2.0853,TRUE
,1,3,233.311,2.0853,TRUE
Molecule-1,0,6,426.488,4.8266,TRUE
,2,3,448.95,5.68314,FALSE
,1,6,392.838,1.81,TRUE
,0,5,373.449,3.891,TRUE
,2,5,420.46,3.1834,TRUE
_c001,2,4,315.417,1.15798,TRUE
,0,2,285.774,4.2585,TRUE
,1,3,128.151,-0.9702,TRUE
,0,5,387.887,2.8355,TRUE
,20,31,1752.634,0.0935,FALSE
,3,11,475.465,-1.6878,FALSE
Molecule-1,2,8,437.529,3.13904,TRUE
,4,8,540.708,1.4296,FALSE
,1,2,94.117,0.6638,TRUE
,2,5,188.139,-3.6967,TRUE
,0,4,317.748,2.4783,TRUE
,0,8,664.907,9.11352,FALSE
,0,8,664.907,9.11352,FALSE
_c001,1,2,349.518,5.3986,FALSE
,2,3,305.418,3.7896,TRUE
,1,9,285.2,-1.3152,TRUE
,2,3,448.95,5.68314,FALSE
,0,5,373.449,3.891,TRUE
,1,3,128.151,-0.9702,TRUE
,3,11,475.465,-1.6878,FALSE
,0,4,307.397,2.7792,TRUE
,1,3,311.425,3.83718,TRUE
,0,5,475.629,5.543,FALSE
,3,10,627.746,5.81227,FALSE
,3,3,307.478,3.2043,TRUE
,5,11,457.447,-2.9271,FALSE
,2,16,682.684,-1.379,FALSE
,0,6,492.689,4.2558,TRUE
,3,14,835.944,4.5678,FALSE
,2,12,729.908,3.438,FALSE
,3,4,303.337,3.5884,TRUE
,1,6,328.385,1.3483,TRUE
,1,6,328.385,1.3483,TRUE
,1,6,475.362,5.0042,FALSE
,1,4,403.212,5.0309,FALSE
,2,5,441.535,4.02958,TRUE
,1,11,568.542,4.70522,FALSE
,1,10,472.553,1.14742,TRUE
_c001,7,18,1058.052,6.2344,FALSE
,4,8,679.863,2.4459,FALSE
,2,6,366.428,4.9891,TRUE
,4,5,519.687,1.7112,FALSE
,4,5,519.687,1.7112,FALSE
,0,3,391.555,5.9694,FALSE
,1,3,139.154,0.39932,TRUE
,17,15,1306.564,-11.1877,FALSE
,4,4,392.499,3.1489,TRUE
,1,6,435.889,2.5199,TRUE
_c001,4,11,522.578,2.0137,FALSE
,0,2,300.745,3.3712,TRUE
,1,5,306.373,3.46638,TRUE
,2,4,386.48,4.6391,TRUE
,2,4,489.931,5.5442,FALSE
,2,5,452.538,4.683,TRUE
,2,6,450.345,5.0377,FALSE
,3,6,430.541,2.3323,TRUE
,3,3,392.499,5.081,FALSE
,1,4,421.305,4.7112,TRUE
_c001,2,5,409.449,2.4813,TRUE
_c001,8,17,987.961,5.0275,FALSE
_c001,1,8,455.45,2.8571,TRUE
_c001,1,5,419.211,4.1635,TRUE
_c001,2,6,385.441,2.0573,TRUE
_c001,3,7,471.521,-0.1684,TRUE
_c001,1,5,461.602,5.5187,FALSE
_c001,0,5,322.388,1.3302,TRUE
_c001,1,5,348.419,1.5263,TRUE
_c001,1,5,348.419,1.5263,TRUE
_c001,1,5,348.419,1.5263,TRUE
_c001,1,5,348.419,1.5263,TRUE
_c001,3,5,331.416,0.27288,TRUE
_c001,2,6,441.549,4.37426,TRUE
_c001,2,6,441.549,4.37426,TRUE
_c001,2,3,341.495,4.5253,TRUE
_c001,2,6,466.521,2.9487,TRUE
_c001,1,7,456.322,4.2452,TRUE
_c001,1,4,254.265,0.7922,TRUE
_c001,2,12,505.583,-0.04198,FALSE
_c001,2,5,381.533,2.9206,TRUE
_c001,2,5,284.381,2.16972,TRUE
_c001,4,4,444.656,4.8416,TRUE
_c001,1,8,439.455,2.6939,TRUE
_c001,2,4,181.162,-1.5622,TRUE
_c001,1,3,440.411,5.182,FALSE
_c001,1,3,325.452,3.9333,TRUE
_c001,2,5,283.348,-0.5278,TRUE
_c001,1,4,555.868,6.3414,FALSE
_c001,2,8,460.56,1.2687,TRUE
_c001,1,6,354.835,1.2345,TRUE
_c001,1,6,354.835,1.2345,TRUE
_c001,2,14,604.721,-0.0374,FALSE
_c001,1,4,295.411,3.1347,TRUE
_c001,2,4,326.396,2.3108,TRUE
_c001,2,4,326.396,2.3108,TRUE
_c001,2,6,464.986,3.1259,TRUE
_c001,1,6,459.506,2.6996,TRUE
_c001,2,3,693.732,8.3821,FALSE
_c001,0,2,330.512,6.4712,FALSE
_c001,0,2,301.45,4.658,TRUE
_c001,1,1,195.693,2.5892,TRUE
_c001,2,6,501.514,5.5408,FALSE
_c001,9,11,1047.227,3.3685,FALSE
_c001,2,3,270.21,2.99948,TRUE
_c001,0,4,349.393,4.43818,TRUE
_c001,4,8,719.924,2.5835,FALSE
_c001,17,28,1524.751,-8.6086,FALSE
_c001,15,26,1361.575,-9.0417,FALSE
_c001,4,6,396.516,2.7722,TRUE
_c001,3,9,483.96,2.4318,TRUE
_c001,3,4,482.821,5.6888,FALSE
_c001,1,6,446.882,2.9463,TRUE
_c001,3,10,776.042,6.0007,FALSE
_c001,1,6,484.663,4.6668,TRUE
_c001,1,5,312.377,1.54478,TRUE
_c001,1,4,464.444,3.99248,TRUE
_c001,1,4,450.417,3.73178,TRUE
_c001,1,8,530.456,5.19038,FALSE
_c001,1,6,532.57,4.45602,FALSE
_c001,2,10,545.629,2.5807,FALSE
_c001,1,4,555.516,7.1305,FALSE
_c001,2,5,273.248,-0.33,TRUE
_c001,1,2,378.899,5.6457,FALSE
_c001,2,7,519.574,5.3649,FALSE
_c001,2,5,273.248,-0.33,TRUE
_c001,2,8,615.403,3.94012,FALSE
_c001,2,7,437.451,2.625,TRUE
_c001,1,7,339.399,0.39448,TRUE
_c001,4,6,444.524,2.96832,TRUE
_c001,0,6,530.661,6.0533,FALSE
_c001,4,6,486.436,4.6081,TRUE
_c001,0,2,223.296,1.9437,TRUE
_c001,0,2,135.142,-0.021,TRUE
_c001,2,3,277.323,3.673,TRUE
_c001,1,2,295.304,4.1743,TRUE
_c001,1,2,295.304,4.1743,TRUE
_c001,3,5,308.378,1.5853,TRUE
_c001,3,5,308.378,1.5853,TRUE
_c001,0,4,123.091,-1.1599,TRUE
_c001,2,9,422.424,2.4427,TRUE
_c001,2,8,588.282,3.5727,FALSE
_c001,2,8,546.201,2.5318,FALSE
_c001,1,3,298.455,3.86424,TRUE
_c001,2,7,485.947,4.3899,TRUE
_c001,1,2,246.354,1.7714,TRUE
_c001,2,2,254.289,2.4929,TRUE
_c001,1,3,296.326,3.0637,TRUE
_c001,2,6,419.384,1.3528,TRUE
_c001,1,7,440.507,4.2173,TRUE
_c001,0,4,129.091,-1.5345,TRUE
_c001,0,4,144.126,-0.1114,TRUE
_c001,3,10,529.458,1.6565,FALSE
_c001,2,15,496.126,-3.6616,FALSE
_c001,2,10,749.956,5.25412,FALSE
_c001,1,2,428.596,5.14,FALSE
_c001,2,5,470.613,6.33102,FALSE
_c001,0,5,354.287,5.06088,FALSE
_c001,1,10,582.816,4.049,FALSE
_c001,2,11,426.456,-1.8739,FALSE
_c001,3,7,388.425,-0.628,TRUE
_c001,2,11,461.505,-1.5603,FALSE
_c001,6,11,529.542,0.8207,FALSE
_c001,1,4,319.445,3.0299,TRUE
_c001,1,4,319.445,3.0299,TRUE
_c001,4,19,519.149,-4.4514,FALSE
_c001,3,16,513.189,-3.0048,FALSE
_c001,2,17,539.586,-2.5264,FALSE
_c001,2,6,470.606,3.497,TRUE
_c001,2,6,265.25,2.0092,TRUE
_c001,1,9,271.173,-1.7037,TRUE
_c001,3,17,491.139,-4.1479,FALSE
_c001,3,17,491.139,-4.1479,FALSE
_c001,2,8,445.503,2.3219,TRUE
_c001,3,6,457.465,2.2257,TRUE
_c001,2,3,326.827,3.7245,TRUE
_c001,2,5,251.721,1.5255,TRUE
_c001,3,4,168.16,-0.2733,TRUE
_c001,7,14,835.008,5.07742,FALSE
_c001,2,2,254.289,2.4929,TRUE
_c001,2,9,324.157,-2.8306,TRUE
_c001,2,15,482.099,-3.8606,FALSE
_c001,2,4,281.337,2.2588,TRUE
_c001,1,1,265.828,4.3958,TRUE
_c001,1,1,265.828,4.3958,TRUE
_c001,1,1,251.801,4.1351,TRUE
_c001,1,1,251.801,4.1351,TRUE
_c001,3,16,489.167,-3.4843,FALSE
_c001,3,16,489.167,-3.4843,FALSE
_c001,2,12,356.144,-3.4408,FALSE
_c001,0,4,322.409,2.6183,TRUE
_c001,3,5,389.512,1.9847,TRUE
_c001,1,16,465.166,-2.7711,FALSE
_c001,1,6,400.475,-0.3746,TRUE
_c001,2,13,420.134,-2.9506,FALSE
_c001,2,16,499.105,-3.4656,FALSE
_c001,2,16,461.113,-3.5088,FALSE
,1,7,435.895,3.138,TRUE
_c001,1,7,388.42,3.2018,TRUE
_c001,2,7,467.542,1.7582,TRUE
_c001,2,3,249.354,2.3316,TRUE
_c001,1,3,263.381,2.6346,TRUE
_c001,2,3,249.354,2.3316,TRUE
_c001,1,3,263.381,2.6346,TRUE
_c001,2,3,249.354,2.3316,TRUE
_c001,1,3,263.381,2.6346,TRUE
_c001,2,3,249.354,2.3316,TRUE
_c001,1,8,436.555,-0.7571,TRUE
_c001,2,17,521.596,-2.4744,FALSE
_c001,3,3,134.248,-0.1454,TRUE
_c001,1,15,447.126,-2.6816,FALSE
_c001,1,6,338.404,-1.2073,TRUE
_c001,1,15,472.136,-2.3875,FALSE
_c001,3,18,521.14,-4.0179,FALSE
_c001,4,9,285.235,-1.8409,TRUE
_c001,1,4,296.799,1.5204,TRUE
_c001,1,4,296.799,1.5204,TRUE
_c001,2,4,428.903,3.0902,TRUE
_c001,1,4,434.493,2.827,TRUE
_c001,1,2,300.833,4.1862,TRUE
_c001,1,6,386.448,-0.7647,TRUE
_c001,1,6,408.454,-0.5808,TRUE
_c001,1,6,394.427,-0.5748,TRUE
_c001,2,6,435.581,2.771,TRUE
_c001,2,6,282.386,0.1434,TRUE
_c001,2,6,421.554,2.3809,TRUE
_c001,0,3,215.228,1.1408,TRUE
_c001,2,5,367.506,2.5305,TRUE
_c001,4,4,328.412,2.1354,TRUE
_c001,4,4,328.412,2.1354,TRUE
_c001,4,4,328.412,2.1354,TRUE
_c001,2,4,292.213,2.323,TRUE
_c001,3,8,289.317,-0.83353,TRUE
_c001,1,2,357.497,5.6539,FALSE
_c001,0,3,339.411,4.0153,TRUE
_c001,1,2,270.719,3.1295,TRUE
_c001,1,5,492.591,5.6295,FALSE
_c001,20,30,1815.708,2.8333,FALSE
_c001,1,5,348.397,2.4846,TRUE
_c001,1,2,151.933,0.0434,TRUE
_c001,19,29,1792.117,3.1605,FALSE
_c001,1,7,460.508,2.4342,TRUE
_c001,1,8,370.344,1.3957,TRUE
_c001,0,11,448.307,0.2487,FALSE
_c001,0,3,456.711,7.9609,FALSE
_c001,4,6,408.878,1.8444,TRUE
_c001,4,7,450.915,1.6134,TRUE
_c001,0,7,450.93,4.11132,TRUE
_c001,4,6,212.181,-1.7916,TRUE
_c001,5,4,328.413,-3.2938,TRUE
_c001,1,8,397.386,-0.11232,TRUE
_c001,6,17,665.695,-5.238,FALSE
_c001,0,4,578.601,6.78702,FALSE
_c001,2,12,651.794,1.8635,FALSE
_c001,2,5,404.551,3.4323,TRUE
_c001,3,4,318.354,2.006,TRUE
_c001,2,7,415.432,3.7543,TRUE
_c001,4,8,889.017,8.6073,FALSE
_c001,0,4,407.576,5.6755,FALSE
_c001,4,9,894.127,7.6871,FALSE
_c001,3,10,765.893,3.63692,FALSE
_c001,2,6,493.585,4.0236,TRUE
_c001,1,2,245.322,2.2512,TRUE
_c001,1,4,434.471,2.3474,TRUE
_c001,3,8,558.148,6.36192,FALSE
_c001,0,2,185.226,2.14592,TRUE
_c001,2,7,539.636,3.6159,FALSE
_c001,4,6,386.448,2.376,TRUE
_c001,3,8,548.069,1.2896,FALSE
_c001,2,5,265.247,-1.5253,TRUE
_c001,4,3,349.434,3.32722,TRUE
_c001,2,9,447.543,2.96582,TRUE
_c001,3,5,426.86,4.0719,TRUE
_c001,1,2,265.356,3.6202,TRUE
_c001,1,2,265.356,3.6202,TRUE
_c001,0,2,279.383,3.9624,TRUE
_c001,3,17,479.124,-4.74,FALSE
_c001,1,2,288.709,3.2686,TRUE
_c001,1,2,252.273,3.0294,TRUE
_c001,0,2,405.969,6.5626,FALSE
_c001,0,3,213.64,1.2473,TRUE
_c001,3,3,152.113,-1.0605,TRUE
_c001,1,6,247.23,-0.7278,TRUE
_c001,3,4,326.418,2.0605,TRUE
_c001,3,4,326.418,2.0605,TRUE
_c001,4,12,377.275,-2.46441,FALSE
_c001,2,3,242.344,1.3499,TRUE
_c001,0,0,197.381,2.5085,TRUE
_c001,1,2,189.214,0.9908,TRUE
_c001,1,2,189.214,0.9908,TRUE
_c001,1,2,177.247,1.736,TRUE
_c001,1,2,177.247,1.736,TRUE
_c001,1,2,177.247,1.736,TRUE
_c001,1,2,183.251,1.1278,TRUE
_c001,2,3,224.26,0.961,TRUE
_c001,0,2,189.214,1.1589,TRUE
_c001,1,3,137.114,-0.2443,TRUE
_c001,2,5,360.45,1.9898,TRUE
_c001,3,4,327.815,4.4469,TRUE
_c001,1,3,129.115,0.0314,TRUE
_c001,2,3,212.249,0.7949,TRUE
_c001,1,5,360.429,3.6752,TRUE
_c001,2,4,274.32,3.8497,TRUE
_c001,1,4,359.441,4.2802,TRUE
_c001,3,19,772.334,0.3225,FALSE
_c001,1,5,485.506,5.82152,FALSE
_c001,1,5,433.577,4.724,TRUE
_c001,3,5,407.571,2.114,TRUE
_c001,1,6,451.405,3.41232,TRUE
_c001,0,6,468.594,3.31,TRUE
_c001,2,4,391.572,3.1432,TRUE
_c001,4,8,738.89,6.222,FALSE
_c001,3,7,568.654,2.82434,FALSE
_c001,2,12,717.779,4.58458,FALSE
_c001,1,7,437.475,4.24298,TRUE
_c001,1,5,410.49,2.5003,TRUE
_c001,1,5,381.428,0.6871,TRUE
_c001,1,3,330.468,3.6959,TRUE
O=C(O)CCSC[C@H]1O[C@@H]2O[C@@H]9[C@@H](CSCCC(=O)O)O[C@H](O[C@@H]8[C@@H](CSCC...,16,56,1994.112,-18.3592,FALSE
_c001,1,4,390.409,3.1706,TRUE
_c001,1,3,427.42,4.3355,TRUE
_c001,2,3,413.393,3.9933,TRUE
_c001,2,3,399.366,3.7326,TRUE
_c001,0,3,284.408,3.8626,TRUE
_c001,1,4,285.416,4.0268,TRUE
_c001,1,2,212.293,0.8989,TRUE
_c001,3,4,531.316,3.7811,FALSE
_c001,2,3,500.483,5.7295,FALSE
_c001,1,3,427.564,4.6665,TRUE
_c001,2,3,413.537,4.3243,TRUE
_c001,0,6,660.727,8.6754,FALSE
_c001,2,10,476.474,2.9729,TRUE
_c001,1,7,496.633,3.898,TRUE
_c001,1,5,418.541,4.3075,TRUE
_c001,4,15,761.85,3.41324,FALSE
_c001,3,3,242.666,0.28967,TRUE
_c001,0,6,403.281,2.9024,TRUE
_c001,2,4,419.626,3.7793,TRUE
_c001,2,8,499.619,4.5098,TRUE
_c001,1,10,370.314,-1.1395,TRUE
_c001,4,7,244.203,-2.8519,TRUE
_c001,4,10,882.035,8.116,FALSE
_c001,3,11,766.918,3.3019,FALSE
_c001,2,2,165.236,1.3279,TRUE
_c001,4,10,883.019,7.7315,FALSE
_c001,1,5,482.628,4.77328,TRUE
_c001,4,4,361.034,1.2661,TRUE
_c001,2,9,515.111,-1.1263,FALSE
_c001,3,11,868.457,8.6599,FALSE
,1,4,251.05,1.56828,TRUE
,1,7,614.483,3.4326,FALSE
,1,2,288.431,3.8792,TRUE
,3,2,323.371,2.9793,TRUE
,2,3,302.349,2.3681,TRUE
,1,6,570.649,5.9068,FALSE
,2,6,556.622,5.2527,FALSE
,2,7,586.648,5.3977,FALSE
,2,8,557.054,5.93248,FALSE
,3,5,451.914,4.13517,TRUE
,21,13,1051.297,-15.842,FALSE
,2,4,320.396,2.5914,TRUE
,2,4,145.138,-2.6709,TRUE
,2,8,439.757,0.583,TRUE
,3,8,473.381,4.2926,TRUE
,1,7,441.524,2.5632,TRUE
,2,6,399.487,1.9924,TRUE
,19,31,1677.883,-13.4871,FALSE
,2,9,584.105,5.09,FALSE
,2,9,545.929,3.17542,FALSE
,2,9,574.991,4.98862,FALSE
,4,9,570.646,3.4798,FALSE
,2,8,434.548,2.7964,TRUE
,0,2,174.203,1.7992,TRUE
,3,11,868.948,4.9565,FALSE
,1,6,418.578,3.5641,TRUE
,1,4,319.445,3.0299,TRUE
,3,11,838.878,3.8568,FALSE
,4,12,1113.199,9.4475,FALSE
,2,7,586.648,5.3977,FALSE
,5,11,471.43,-3.4005,FALSE
,7,27,1409.398,2.42272,FALSE
,3,11,738.3,3.8344,FALSE
,4,8,717.993,3.5298,FALSE
,6,4,474.565,1.8448,FALSE
,3,8,507.624,3.7665,FALSE
,1,7,371.426,1.09568,TRUE
,2,5,453.542,4.88964,TRUE
,3,4,321.38,2.4081,TRUE
,0,5,403.478,3.715,TRUE
,1,8,506.605,4.93692,FALSE
,1,6,362.409,2.42044,TRUE
,1,3,259.136,2.7624,TRUE
,1,3,259.136,2.7624,TRUE
,2,14,578.45,1.8305,FALSE
,3,10,470.461,3.6332,TRUE
,12,14,1045.189,-5.5941,FALSE
[CH3:6][c:2]1[n:3][cH:4][c:5]([N:11](=[O:13])=[O:12])[n:1]1[CH2:7][C@H:8]([C...,1,5,185.183,0.48052,TRUE
Cc1ncc(N(=O)=O)n1C[C@@H](C)O,1,5,185.183,0.48052,TRUE
O=C(Cn1ccnc1N(=O)=O)NCc2ccccc2,1,5,260.253,1.1077,TRUE
,2,6,296.133,-0.8859,TRUE
,4,7,436.888,1.3565,TRUE
,2,11,480.529,0.6618,FALSE
,0,8,571.551,4.3727,FALSE
,0,5,303.358,1.8677,TRUE
,1,10,648.662,5.2467,FALSE
,2,6,449.385,1.6344,TRUE
,2,7,465.517,3.3126,TRUE
,4,7,520.504,3.3953,FALSE
,0,7,687.598,5.10462,FALSE
,1,5,477.443,3.53158,TRUE
,1,5,463.416,3.27088,TRUE
,1,3,234.295,2.8355,TRUE
,1,3,234.295,2.8355,TRUE
,2,3,109.132,0.246,TRUE
,5,5,163.173,-2.9668,TRUE
,1,3,376.334,2.4033,TRUE
,1,3,359.665,6.0373,FALSE
,1,3,375.664,5.0528,FALSE
,1,4,391.663,4.7189,TRUE
,5,10,487.509,0.1138,TRUE
,0,4,370.489,4.1852,TRUE
,6,10,556.66,1.3223,FALSE
,0,5,515.596,5.438,FALSE
,2,5,367.877,2.0878,TRUE
,11,15,592.691,-5.3611,FALSE
,1,3,318.437,2.4563,TRUE
,1,3,318.437,2.4563,TRUE
,1,3,318.437,2.4563,TRUE
,2,2,314.469,5.8465,FALSE
,3,3,330.468,4.8189,TRUE
,1,8,630.59,4.20032,FALSE
,3,9,540.021,3.9084,FALSE
,3,6,441.232,3.0113,TRUE
,2,6,463.5,5.91082,FALSE
,2,6,463.5,5.91082,FALSE
,2,6,597.76,4.836,FALSE
,1,7,597.736,4.1006,FALSE
,3,4,374.448,3.39158,TRUE
,1,7,425.754,2.65458,TRUE
,0,10,571.558,3.3912,FALSE
,1,7,483.496,2.9775,TRUE
,2,6,428.443,2.9475,TRUE
,2,9,639.83,5.7289,FALSE
,1,7,406.421,2.80068,TRUE
,6,12,697.778,4.75412,FALSE
,1,7,590.549,7.1889,FALSE
,6,10,558.563,0.294,FALSE
,2,6,416.872,4.4835,TRUE
,1,6,582.97,4.32458,FALSE
,2,3,194.234,0.6517,TRUE
,2,6,469.948,5.1551,FALSE
,3,10,552.724,2.6972,FALSE
,1,2,318.501,4.5952,TRUE
,2,6,380.358,2.6285,TRUE
,0,4,307.112,3.1651,TRUE
,1,8,446.555,4.1836,TRUE
,2,5,441.479,3.83502,TRUE
,0,8,384.436,2.1241,TRUE
,5,15,751.22,-1.5164,FALSE
,0,4,393.506,3.9165,TRUE
,2,6,369.487,1.2851,TRUE
,2,6,369.487,1.2851,TRUE
,2,7,404.47,3.63168,TRUE
,0,6,359.385,4.19138,TRUE
,1,6,361.401,4.04208,TRUE
,1,6,361.401,4.04208,TRUE
,13,11,1025.182,-3.5937,FALSE
,22,21,1646.874,-7.2541,FALSE
,0,2,295.854,4.1652,TRUE
,1,4,377.366,3.2757,TRUE
,1,5,458.578,4.6529,TRUE
,1,5,342.476,1.8005,TRUE
,3,7,507.737,3.8668,FALSE
,2,4,380.374,2.9079,TRUE
,2,6,572.75,4.73466,FALSE
,2,5,549.553,3.5306,FALSE
,6,12,1145.07,6.1566,FALSE
,2,4,417.822,5.228,FALSE
,0,6,255.226,-0.5922,TRUE
,1,5,410.424,3.74204,TRUE
,3,6,398.854,2.67008,TRUE
,3,6,398.854,2.67008,TRUE
,2,6,396.838,2.81938,TRUE
,1,1,231.261,3.2459,TRUE
,1,1,231.261,3.2459,TRUE
,1,1,203.207,2.5951,TRUE
,1,1,203.207,2.5951,TRUE
,1,2,263.275,3.9172,TRUE
,1,10,597.664,4.02002,FALSE
,0,6,439.313,4.18352,TRUE
,2,7,443.311,3.3867,TRUE
,3,8,524.691,4.82362,FALSE
Cc1c(Cl)c(C)n(=O)c(Cl)c1c3noc(c2cc(O)c(O)c(N(=O)=O)c2)n3,2,8,413.173,3.28004,TRUE
,4,5,268.216,-1.5665,TRUE
,1,10,498.57,2.6077,TRUE
,3,6,560.649,5.0269,FALSE
,4,6,546.622,4.6847,FALSE
,2,7,534.567,4.49,FALSE
,0,3,227.242,2.42948,TRUE
,3,6,348.381,-1.1424,TRUE
,1,6,267.676,1.1631,TRUE
,0,7,359.26,2.6677,TRUE
,0,13,581.482,-0.09588,FALSE
,1,8,473.493,1.62792,TRUE
,0,8,383.417,1.2677,TRUE
,1,6,337.379,3.6231,TRUE
,2,6,471.561,4.2226,TRUE
,1,10,525.613,3.28438,FALSE
,2,10,480.532,5.09352,FALSE
,1,6,412.428,3.429,TRUE
,0,6,428.61,5.8958,FALSE
,0,2,129.179,0.7067,TRUE
[H][C@@]69SC[C@]1(NCCc2c1[nH]c3ccc(OC)cc23)C(=O)OCC(c5c4OCOc4c(C)c(OC(C)=O)c...,4,14,784.888,4.18894,FALSE
,1,6,487.507,3.657,TRUE
,3,6,457.687,3.5256,TRUE
,4,5,443.66,3.5152,TRUE
,3,5,510.367,5.6707,FALSE
,3,5,496.34,5.2112,FALSE
,2,7,392.411,2.3476,TRUE
,2,7,435.455,2.47312,TRUE
,1,5,386.561,4.6926,TRUE
,1,4,237.299,1.4525,TRUE
,1,4,237.299,1.4525,TRUE
,2,6,405.357,0.9627,TRUE
,2,7,454.87,5.63812,FALSE
,2,8,499.52,-0.2799,TRUE
,3,6,444.535,2.766,TRUE
,1,8,571.559,6.6627,FALSE
,1,5,431.536,3.3185,TRUE
,3,5,370.449,1.2534,TRUE
,1,5,402.531,3.7717,TRUE
,0,7,287.297,0.6406,TRUE
,0,7,287.297,0.6406,TRUE
,2,6,460.983,4.26732,TRUE
,1,8,401.474,1.96324,TRUE
,5,12,1214.646,3.4351,FALSE
,3,9,533.612,4.20014,FALSE
,17,12,1119.35,-6.3954,FALSE
,1,3,638.832,5.9099,FALSE
,6,12,362.215,-3.1523,FALSE
,3,6,562.571,5.70188,FALSE
,0,8,492.583,4.00788,TRUE
,4,4,304.386,1.5508,TRUE
,2,8,446.559,2.7245,TRUE
,3,9,426.387,2.5575,TRUE
,2,5,498.426,3.2701,TRUE
,2,10,560.693,4.6185,FALSE
,2,11,623.642,3.7505,FALSE
,2,8,560.486,5.3544,FALSE
,1,8,560.605,4.48142,FALSE
,4,13,602.585,2.31218,FALSE
,4,9,291.267,-1.85672,TRUE
,1,9,729.043,7.2837,FALSE
,2,11,924.17,2.4933,FALSE
,0,8,584.673,6.0003,FALSE
,1,7,472.589,4.4668,TRUE
,2,5,323.422,1.2545,TRUE
,3,6,339.421,0.2253,TRUE
,3,6,339.421,0.2253,TRUE
,0,7,531.44,4.2058,FALSE
,0,6,279.321,2.6292,TRUE
,0,6,295.32,1.6447,TRUE
,0,7,311.319,1.3108,TRUE
,2,3,581.654,8.04804,FALSE
,1,6,674.972,6.6245,FALSE
,3,6,452.518,4.8201,TRUE
,6,9,678.855,-0.5016,FALSE
,1,6,450.93,4.26542,TRUE
,2,4,273.336,2.2906,TRUE
,1,5,345.399,2.6456,TRUE
,2,5,603.523,3.9479,FALSE
,2,2,254.329,4.3916,TRUE
,2,10,585.709,5.075,FALSE
,3,10,571.682,4.7328,FALSE
,3,9,571.682,5.0646,FALSE
,2,6,378.432,2.9857,TRUE
,3,6,449.845,3.4629,TRUE
,1,5,383.347,3.28888,TRUE
,4,10,739.937,4.5443,FALSE
,4,7,376.24,1.7749,TRUE
,1,7,527.4,4.6342,FALSE
,1,2,332.528,4.9853,TRUE
,1,5,450.564,3.2034,TRUE
,16,19,1227.395,-6.9805,FALSE
,4,7,464.942,2.0035,TRUE
,1,8,418.457,1.7849,TRUE
,3,9,425.4673053,1.7324,TRUE
,4,8,411.4403053,1.722,TRUE
,1,9,520.615,3.4169,FALSE
,1,9,477.526,1.2152,TRUE
,2,5,354.797,2.92498,TRUE
,2,4,285.351,1.9353,TRUE
,2,3,232.239,0.7004,TRUE
,2,10,968.296,7.6628,FALSE
,3,6,479.434,3.4322,TRUE
,3,6,424.946,3.1726,TRUE
,0,8,604.13,4.73298,FALSE
,3,6,638.817,3.45152,FALSE
,1,7,592.762,6.53944,FALSE
,0,7,358.402,2.46112,TRUE
,4,5,499.714,3.3973,TRUE
,1,4,554.722,6.72978,FALSE
,1,6,392.432,-0.0751,TRUE
,2,5,277.258,-1.3592,TRUE
,2,7,313.31,-3.909,TRUE
,3,5,499.534,1.09718,TRUE
,13,17,1226.412,-0.1966,FALSE
,2,4,458.646,5.8518,FALSE
,1,7,450.465,2.8845,TRUE
,3,11,780.381,5.0031,FALSE
